insert into voluntario (id, nombre) values (1, 'Adler Dunmuir');
insert into voluntario (id, nombre) values (2, 'Rosalia Hawkes');
insert into voluntario (id, nombre) values (3, 'Rafaela Hurrell');
insert into voluntario (id, nombre) values (4, 'May Goodoune');
insert into voluntario (id, nombre) values (5, 'Dannie Cutchey');
insert into voluntario (id, nombre) values (6, 'Aristotle Marti');
insert into voluntario (id, nombre) values (7, 'Silvanus Hainge');
insert into voluntario (id, nombre) values (8, 'Zollie McNeilley');
insert into voluntario (id, nombre) values (9, 'Nadya Dobbison');
insert into voluntario (id, nombre) values (10, 'Dody Wearn');
insert into voluntario (id, nombre) values (11, 'Lionello Espina');
insert into voluntario (id, nombre) values (12, 'Geri Squibe');
insert into voluntario (id, nombre) values (13, 'Meade MacLardie');
insert into voluntario (id, nombre) values (14, 'Alfredo Lesser');
insert into voluntario (id, nombre) values (15, 'John Allam');
insert into voluntario (id, nombre) values (16, 'Emeline Satch');
insert into voluntario (id, nombre) values (17, 'Stewart Nind');
insert into voluntario (id, nombre) values (18, 'Dara Ravenshear');
insert into voluntario (id, nombre) values (19, 'Florry Hargess');
insert into voluntario (id, nombre) values (20, 'Englebert Jee');
insert into voluntario (id, nombre) values (21, 'Nicolle Punchard');
insert into voluntario (id, nombre) values (22, 'Mattie Sorrell');
insert into voluntario (id, nombre) values (23, 'Morry Housbey');
insert into voluntario (id, nombre) values (24, 'Edik Cadogan');
insert into voluntario (id, nombre) values (25, 'Kenneth Bricket');
insert into voluntario (id, nombre) values (26, 'Murielle Sieve');
insert into voluntario (id, nombre) values (27, 'Bendick Venour');
insert into voluntario (id, nombre) values (28, 'Rogerio Brodnecke');
insert into voluntario (id, nombre) values (29, 'Britt Dall');
insert into voluntario (id, nombre) values (30, 'Harwilll Furniss');
insert into voluntario (id, nombre) values (31, 'Agosto Viner');
insert into voluntario (id, nombre) values (32, 'Vanessa Hallworth');
insert into voluntario (id, nombre) values (33, 'Mindy Cow');
insert into voluntario (id, nombre) values (34, 'Debora Polon');
insert into voluntario (id, nombre) values (35, 'Cesaro Klimochkin');
insert into voluntario (id, nombre) values (36, 'Maryellen MacIlhagga');
insert into voluntario (id, nombre) values (37, 'Darrel Jurries');
insert into voluntario (id, nombre) values (38, 'Shelton Danilchev');
insert into voluntario (id, nombre) values (39, 'Neal Topping');
insert into voluntario (id, nombre) values (40, 'Hallie Malshinger');
insert into voluntario (id, nombre) values (41, 'Hamish Tyrer');
insert into voluntario (id, nombre) values (42, 'Lev Grzeszczak');
insert into voluntario (id, nombre) values (43, 'Korrie Arton');
insert into voluntario (id, nombre) values (44, 'Veda Seary');
insert into voluntario (id, nombre) values (45, 'Judi Basek');
insert into voluntario (id, nombre) values (46, 'Janel Edler');
insert into voluntario (id, nombre) values (47, 'Linnet Dinnies');
insert into voluntario (id, nombre) values (48, 'Charyl Peasegod');
insert into voluntario (id, nombre) values (49, 'Lorita Dench');
insert into voluntario (id, nombre) values (50, 'Briano Molfino');

insert into habilidad (id, descrip) values (1, 'dictumst etiam faucibus cursus urna ut tellus nulla ut erat id mauris vulputate elementum nullam');
insert into habilidad (id, descrip) values (2, 'nulla elit ac nulla sed vel enim sit amet nunc viverra dapibus nulla');
insert into habilidad (id, descrip) values (3, 'in quis justo maecenas rhoncus aliquam lacus morbi quis tortor id nulla');
insert into habilidad (id, descrip) values (4, 'magna vulputate luctus cum sociis natoque penatibus et magnis dis parturient');
insert into habilidad (id, descrip) values (5, 'consequat morbi a ipsum integer a nibh in quis justo maecenas rhoncus aliquam lacus morbi quis');
insert into habilidad (id, descrip) values (6, 'dui proin leo odio porttitor id consequat in consequat ut nulla sed accumsan felis ut');
insert into habilidad (id, descrip) values (7, 'eu interdum eu tincidunt in leo maecenas pulvinar lobortis est phasellus');
insert into habilidad (id, descrip) values (8, 'eu orci mauris lacinia sapien quis libero nullam sit amet turpis elementum ligula');
insert into habilidad (id, descrip) values (9, 'fringilla rhoncus mauris enim leo rhoncus sed vestibulum sit amet cursus id turpis integer');
insert into habilidad (id, descrip) values (10, 'enim blandit mi in porttitor pede justo eu massa donec dapibus duis at');
insert into habilidad (id, descrip) values (11, 'maecenas rhoncus aliquam lacus morbi quis tortor id nulla ultrices aliquet maecenas leo');
insert into habilidad (id, descrip) values (12, 'at ipsum ac tellus semper interdum mauris ullamcorper purus sit amet nulla qui');
insert into habilidad (id, descrip) values (13, 'fusce lacus purus aliquet at feugiat non pretium quis lectus suspendisse potenti');
insert into habilidad (id, descrip) values (14, 'volutpat sapien arcu sed augue aliquam erat volutpat in congue etiam justo etiam pretium');
insert into habilidad (id, descrip) values (15, 'rhoncus sed vestibulum sit amet cursus id turpis integer aliquet massa id lobortis');
insert into habilidad (id, descrip) values (16, 'nisi vulputate nonummy maecenas tincidunt lacus at velit vivamus vel');
insert into habilidad (id, descrip) values (17, 'nulla mollis molestie lorem quisque ut erat curabitur gravida nisi');
insert into habilidad (id, descrip) values (18, 'in libero ut massa volutpat convallis morbi odio odio elementum');
insert into habilidad (id, descrip) values (19, 'justo lacinia eget tincidunt eget tempus vel pede morbi porttitor lorem id');
insert into habilidad (id, descrip) values (20, 'in leo maecenas pulvinar lobortis est phasellus sit amet erat nulla tempus');
insert into habilidad (id, descrip) values (21, 'erat id mauris vulputate elementum nullam varius nulla facilisi cras non velit');
insert into habilidad (id, descrip) values (22, 'curae mauris viverra diam vitae quam suspendisse potenti nullam porttitor');
insert into habilidad (id, descrip) values (23, 'at vulputate vitae nisl aenean lectus pellentesque eget nunc donec quis orci eget orci vehicula');
insert into habilidad (id, descrip) values (24, 'ante vivamus tortor duis mattis egestas metus aenean fermentum donec');
insert into habilidad (id, descrip) values (25, 'velit id pretium iaculis diam erat fermentum justo nec condimentum neque');
insert into habilidad (id, descrip) values (26, 'accumsan felis ut at dolor quis odio consequat varius integer ac leo pellentesque');
insert into habilidad (id, descrip) values (27, 'sapien arcu sed augue aliquam erat volutpat in congue etiam justo etiam pr');
insert into habilidad (id, descrip) values (28, 'molestie lorem quisque ut erat curabitur gravida nisi at nibh in hac habitass');
insert into habilidad (id, descrip) values (29, 'quis turpis sed ante vivamus tortor duis mattis egestas metus aenean fermentum');
insert into habilidad (id, descrip) values (30, 'ridiculus mus etiam vel augue vestibulum rutrum rutrum neque aenean auct');
insert into habilidad (id, descrip) values (31, 'praesent blandit lacinia erat vestibulum sed magna at nunc commodo placerat');
insert into habilidad (id, descrip) values (32, 'orci luctus et ultrices posuere cubilia curae donec pharetra magna vestibulum');
insert into habilidad (id, descrip) values (33, 'nullam varius nulla facilisi cras non velit nec nisi vulputate nonummy maecenas');
insert into habilidad (id, descrip) values (34, 'posuere metus vitae ipsum aliquam non mauris morbi non lectus aliquam sit amet');
insert into habilidad (id, descrip) values (35, 'curabitur convallis duis consequat dui nec nisi volutpat eleifend donec ut dolor');
insert into habilidad (id, descrip) values (36, 'amet lobortis sapien sapien non mi integer ac neque duis bibendum morbi');
insert into habilidad (id, descrip) values (37, 'justo sit amet sapien dignissim vestibulum vestibulum ante ipsum primis');
insert into habilidad (id, descrip) values (38, 'at feugiat non pretium quis lectus suspendisse potenti in eleifend quam');
insert into habilidad (id, descrip) values (39, 'id nulla ultrices aliquet maecenas leo odio condimentum id luctus nec molestie');
insert into habilidad (id, descrip) values (40, 'vestibulum sit amet cursus id turpis integer aliquet massa id lobortis convallis');
insert into habilidad (id, descrip) values (41, 'vivamus metus arcu adipiscing molestie hendrerit at vulputate vitae nisl');
insert into habilidad (id, descrip) values (42, 'enim leo rhoncus sed vestibulum sit amet cursus id turpis integer aliquet');
insert into habilidad (id, descrip) values (43, 'nulla eget eros elementum pellentesque quisque porta volutpat erat quisque erat');
insert into habilidad (id, descrip) values (44, 'porttitor id consequat in consequat ut nulla sed accumsan felis ut at');
insert into habilidad (id, descrip) values (45, 'vestibulum proin eu mi nulla ac enim in tempor turpis nec euismod');
insert into habilidad (id, descrip) values (46, 'praesent blandit lacinia erat vestibulum sed magna at nunc commodo');
insert into habilidad (id, descrip) values (47, 'bibendum imperdiet nullam orci pede venenatis non sodales');
insert into habilidad (id, descrip) values (48, 'non mi integer ac neque duis bibendum morbi non quam nec');
insert into habilidad (id, descrip) values (49, 'sapien dignissim vestibulum vestibulum ante ipsum primis in');
insert into habilidad (id, descrip) values (50, 'cursus id turpis integer aliquet massa id lobortis');

insert into vol_habilidad (id, id_voluntario, id_habilidad) values (1, 27, 30);
insert into vol_habilidad (id, id_voluntario, id_habilidad) values (2, 24, 46);
insert into vol_habilidad (id, id_voluntario, id_habilidad) values (3, 22, 50);
insert into vol_habilidad (id, id_voluntario, id_habilidad) values (4, 19, 14);
insert into vol_habilidad (id, id_voluntario, id_habilidad) values (5, 27, 11);
insert into vol_habilidad (id, id_voluntario, id_habilidad) values (6, 12, 11);
insert into vol_habilidad (id, id_voluntario, id_habilidad) values (7, 44, 15);
insert into vol_habilidad (id, id_voluntario, id_habilidad) values (8, 30, 10);
insert into vol_habilidad (id, id_voluntario, id_habilidad) values (9, 27, 40);
insert into vol_habilidad (id, id_voluntario, id_habilidad) values (10, 6, 23);
insert into vol_habilidad (id, id_voluntario, id_habilidad) values (11, 7, 9);
insert into vol_habilidad (id, id_voluntario, id_habilidad) values (12, 36, 9);
insert into vol_habilidad (id, id_voluntario, id_habilidad) values (13, 37, 6);
insert into vol_habilidad (id, id_voluntario, id_habilidad) values (14, 39, 3);
insert into vol_habilidad (id, id_voluntario, id_habilidad) values (15, 44, 9);
insert into vol_habilidad (id, id_voluntario, id_habilidad) values (16, 37, 18);
insert into vol_habilidad (id, id_voluntario, id_habilidad) values (17, 30, 37);
insert into vol_habilidad (id, id_voluntario, id_habilidad) values (18, 47, 30);
insert into vol_habilidad (id, id_voluntario, id_habilidad) values (19, 47, 21);
insert into vol_habilidad (id, id_voluntario, id_habilidad) values (20, 24, 45);
insert into vol_habilidad (id, id_voluntario, id_habilidad) values (21, 13, 6);
insert into vol_habilidad (id, id_voluntario, id_habilidad) values (22, 21, 19);
insert into vol_habilidad (id, id_voluntario, id_habilidad) values (23, 19, 37);
insert into vol_habilidad (id, id_voluntario, id_habilidad) values (24, 21, 47);
insert into vol_habilidad (id, id_voluntario, id_habilidad) values (25, 22, 41);
insert into vol_habilidad (id, id_voluntario, id_habilidad) values (26, 22, 15);
insert into vol_habilidad (id, id_voluntario, id_habilidad) values (27, 39, 30);
insert into vol_habilidad (id, id_voluntario, id_habilidad) values (28, 46, 49);
insert into vol_habilidad (id, id_voluntario, id_habilidad) values (29, 1, 16);
insert into vol_habilidad (id, id_voluntario, id_habilidad) values (30, 36, 11);
insert into vol_habilidad (id, id_voluntario, id_habilidad) values (31, 1, 12);
insert into vol_habilidad (id, id_voluntario, id_habilidad) values (32, 19, 16);
insert into vol_habilidad (id, id_voluntario, id_habilidad) values (33, 13, 20);
insert into vol_habilidad (id, id_voluntario, id_habilidad) values (34, 8, 18);
insert into vol_habilidad (id, id_voluntario, id_habilidad) values (35, 22, 17);
insert into vol_habilidad (id, id_voluntario, id_habilidad) values (36, 1, 50);
insert into vol_habilidad (id, id_voluntario, id_habilidad) values (37, 7, 40);
insert into vol_habilidad (id, id_voluntario, id_habilidad) values (38, 28, 9);
insert into vol_habilidad (id, id_voluntario, id_habilidad) values (39, 7, 47);
insert into vol_habilidad (id, id_voluntario, id_habilidad) values (40, 35, 22);
insert into vol_habilidad (id, id_voluntario, id_habilidad) values (41, 29, 35);
insert into vol_habilidad (id, id_voluntario, id_habilidad) values (42, 9, 40);
insert into vol_habilidad (id, id_voluntario, id_habilidad) values (43, 20, 25);
insert into vol_habilidad (id, id_voluntario, id_habilidad) values (44, 47, 46);
insert into vol_habilidad (id, id_voluntario, id_habilidad) values (45, 26, 49);
insert into vol_habilidad (id, id_voluntario, id_habilidad) values (46, 42, 2);
insert into vol_habilidad (id, id_voluntario, id_habilidad) values (47, 30, 5);
insert into vol_habilidad (id, id_voluntario, id_habilidad) values (48, 22, 14);
insert into vol_habilidad (id, id_voluntario, id_habilidad) values (49, 6, 36);
insert into vol_habilidad (id, id_voluntario, id_habilidad) values (50, 16, 32);
insert into vol_habilidad (id, id_voluntario, id_habilidad) values (51, 40, 15);
insert into vol_habilidad (id, id_voluntario, id_habilidad) values (52, 47, 7);
insert into vol_habilidad (id, id_voluntario, id_habilidad) values (53, 5, 34);
insert into vol_habilidad (id, id_voluntario, id_habilidad) values (54, 45, 26);
insert into vol_habilidad (id, id_voluntario, id_habilidad) values (55, 24, 10);
insert into vol_habilidad (id, id_voluntario, id_habilidad) values (56, 11, 9);
insert into vol_habilidad (id, id_voluntario, id_habilidad) values (57, 47, 10);
insert into vol_habilidad (id, id_voluntario, id_habilidad) values (58, 16, 20);
insert into vol_habilidad (id, id_voluntario, id_habilidad) values (59, 4, 26);
insert into vol_habilidad (id, id_voluntario, id_habilidad) values (60, 37, 28);
insert into vol_habilidad (id, id_voluntario, id_habilidad) values (61, 47, 8);
insert into vol_habilidad (id, id_voluntario, id_habilidad) values (62, 38, 22);
insert into vol_habilidad (id, id_voluntario, id_habilidad) values (63, 30, 25);
insert into vol_habilidad (id, id_voluntario, id_habilidad) values (64, 45, 41);
insert into vol_habilidad (id, id_voluntario, id_habilidad) values (65, 42, 35);
insert into vol_habilidad (id, id_voluntario, id_habilidad) values (66, 16, 39);
insert into vol_habilidad (id, id_voluntario, id_habilidad) values (67, 18, 22);
insert into vol_habilidad (id, id_voluntario, id_habilidad) values (68, 22, 22);
insert into vol_habilidad (id, id_voluntario, id_habilidad) values (69, 50, 6);
insert into vol_habilidad (id, id_voluntario, id_habilidad) values (70, 50, 37);
insert into vol_habilidad (id, id_voluntario, id_habilidad) values (71, 29, 39);
insert into vol_habilidad (id, id_voluntario, id_habilidad) values (72, 49, 15);
insert into vol_habilidad (id, id_voluntario, id_habilidad) values (73, 37, 10);
insert into vol_habilidad (id, id_voluntario, id_habilidad) values (74, 5, 20);
insert into vol_habilidad (id, id_voluntario, id_habilidad) values (75, 10, 23);
insert into vol_habilidad (id, id_voluntario, id_habilidad) values (76, 32, 29);
insert into vol_habilidad (id, id_voluntario, id_habilidad) values (77, 39, 38);
insert into vol_habilidad (id, id_voluntario, id_habilidad) values (78, 13, 43);
insert into vol_habilidad (id, id_voluntario, id_habilidad) values (79, 10, 32);
insert into vol_habilidad (id, id_voluntario, id_habilidad) values (80, 41, 12);
insert into vol_habilidad (id, id_voluntario, id_habilidad) values (81, 10, 42);
insert into vol_habilidad (id, id_voluntario, id_habilidad) values (82, 17, 44);
insert into vol_habilidad (id, id_voluntario, id_habilidad) values (83, 13, 6);
insert into vol_habilidad (id, id_voluntario, id_habilidad) values (84, 26, 30);
insert into vol_habilidad (id, id_voluntario, id_habilidad) values (85, 36, 42);
insert into vol_habilidad (id, id_voluntario, id_habilidad) values (86, 2, 27);
insert into vol_habilidad (id, id_voluntario, id_habilidad) values (87, 38, 43);
insert into vol_habilidad (id, id_voluntario, id_habilidad) values (88, 47, 2);
insert into vol_habilidad (id, id_voluntario, id_habilidad) values (89, 47, 37);
insert into vol_habilidad (id, id_voluntario, id_habilidad) values (90, 3, 7);
insert into vol_habilidad (id, id_voluntario, id_habilidad) values (91, 37, 43);
insert into vol_habilidad (id, id_voluntario, id_habilidad) values (92, 5, 15);
insert into vol_habilidad (id, id_voluntario, id_habilidad) values (93, 8, 44);
insert into vol_habilidad (id, id_voluntario, id_habilidad) values (94, 30, 46);
insert into vol_habilidad (id, id_voluntario, id_habilidad) values (95, 20, 7);
insert into vol_habilidad (id, id_voluntario, id_habilidad) values (96, 47, 22);
insert into vol_habilidad (id, id_voluntario, id_habilidad) values (97, 49, 10);
insert into vol_habilidad (id, id_voluntario, id_habilidad) values (98, 20, 29);
insert into vol_habilidad (id, id_voluntario, id_habilidad) values (99, 37, 12);
insert into vol_habilidad (id, id_voluntario, id_habilidad) values (100, 6, 28);

insert into institucion (id, nombre, descrip) values (1, 'Sula nebouxii', 'nisl nunc nisl duis bibendum felis sed interdum venenatis turpis enim blandit mi in porttitor pede justo eu massa donec dapibus duis at velit eu est congue elementum in hac habitasse platea dictumst morbi vestibulum velit id pretium iaculis diam erat fermentum justo nec condimentum neque sapien placerat ante nulla justo aliquam quis turpis');
insert into institucion (id, nombre, descrip) values (2, 'Lutra canadensis', 'sed vestibulum sit amet cursus id turpis integer aliquet massa id lobortis convallis tortor risus dapibus augue vel accumsan tellus nisi eu orci mauris lacinia sapien quis libero nullam sit amet turpis elementum ligula vehicula consequat morbi a ipsum integer a nibh in quis justo maecenas rhoncus aliquam lacus morbi quis tortor id');
insert into institucion (id, nombre, descrip) values (3, 'Cacatua tenuirostris', 'id justo sit amet sapien dignissim vestibulum vestibulum ante ipsum primis in faucibus orci luctus et ultrices posuere cubilia curae nulla dapibus dolor vel est donec odio justo sollicitudin ut suscipit a feugiat et eros vestibulum ac est lacinia nisi venenatis tristique fusce congue diam id ornare imperdiet sapien urna pretium nis');
insert into institucion (id, nombre, descrip) values (4, 'Ictonyx striatus', 'phasellus sit amet erat nulla tempus vivamus in felis eu sapien cursus vestibulum proin eu mi nulla ac enim in tempor turpis nec euismod scelerisque quam turpis adipiscing lorem vitae mattis nibh ligula nec sem duis aliquam convallis nunc proin at turpis a pede posuere nonummy integer non velit donec diam neque');
insert into institucion (id, nombre, descrip) values (5, 'Phoenicopterus ruber', 'venenatis non sodales sed tincidunt eu felis fusce posuere felis sed lacus morbi sem mauris laoreet ut rhoncus aliquet pulvinar sed nisl nunc rhoncus dui vel sem sed sagittis nam congue risus semper porta volutpat quam pede lobortis ligula sit amet eleifend pede libero quis orci');
insert into institucion (id, nombre, descrip) values (6, 'Zenaida galapagoensis', 'rhoncus aliquet pulvinar sed nisl nunc rhoncus dui vel sem sed sagittis nam congue risus semper porta volutpat quam pede lobortis ligula sit amet eleifend pede libero quis orci nullam molestie nibh in lectus pellentesque at nulla suspendisse potenti cras in purus eu magna vulputate luctus cum sociis');
insert into institucion (id, nombre, descrip) values (7, 'Phoenicopterus ruber', 'leo odio porttitor id consequat in consequat ut nulla sed accumsan felis ut at dolor quis odio consequat varius integer ac leo pellentesque ultrices mattis odio donec vitae nisi nam ultrices libero non mattis pulvinar nulla pede ullamcorper augue a suscipit nulla elit ac nulla sed vel enim sit');
insert into institucion (id, nombre, descrip) values (8, 'Cabassous sp.', 'lobortis est phasellus sit amet erat nulla tempus vivamus in felis eu sapien cursus vestibulum proin eu mi nulla ac enim in tempor turpis');
insert into institucion (id, nombre, descrip) values (9, 'Zosterops pallidus', 'bibendum felis sed interdum venenatis turpis enim blandit mi in porttitor pede justo eu massa donec dapibus duis at velit eu est congue elementum in hac habitasse platea dictumst morbi vestibulum velit id pretium iaculis diam erat fermentum justo nec condimentum neque sapien placerat ante nulla justo');
insert into institucion (id, nombre, descrip) values (10, 'Felis concolor', 'felis eu sapien cursus vestibulum proin eu mi nulla ac enim in tempor turpis nec euismod scelerisque quam turpis adipiscing lorem vitae mattis nibh ligula nec sem duis aliquam convallis nunc proin at turpis a pede posuere nonummy integer non');
insert into institucion (id, nombre, descrip) values (11, 'Semnopithecus entellus', 'hac habitasse platea dictumst maecenas ut massa quis augue luctus tincidunt nulla mollis molestie lorem quisque ut erat curabitur gravida nisi at nibh in hac habitasse platea dictumst aliquam augue quam sollicitudin vitae consectetuer eget rutrum at lorem integer tincidun');
insert into institucion (id, nombre, descrip) values (12, 'Aonyx capensis', 'in blandit ultrices enim lorem ipsum dolor sit amet consectetuer adipiscing elit proin interdum mauris non ligula pellentesque ultrices phasellus id sapien in sapien iaculis congue vivamus metus arcu adipiscing molestie hendrerit at vulputate vitae nisl aenean lectus pellentesque eget nunc don');
insert into institucion (id, nombre, descrip) values (13, 'Madoqua kirkii', 'maecenas tincidunt lacus at velit vivamus vel nulla eget eros elementum pellentesque quisque porta volutpat erat quisque erat eros viverra eget congue eget semper rutrum nulla nunc purus phasellus in felis donec semper sapien a libero nam dui proin leo odio porttitor id consequat in consequat');
insert into institucion (id, nombre, descrip) values (14, 'Bettongia penicillata', 'pellentesque quisque porta volutpat erat quisque erat eros viverra eget congue eget semper rutrum nulla nunc purus phasellus in felis donec semper sapien a libero nam dui proin leo odio porttitor id consequat in consequat ut nulla sed accumsan felis ut at dolor quis');
insert into institucion (id, nombre, descrip) values (15, 'Macropus rufus', 'sem praesent id massa id nisl venenatis lacinia aenean sit amet justo morbi ut odio cras mi pede malesuada in imperdiet et commodo vulputate justo in blandit ultrices enim lorem ipsum dolor sit amet consectetuer adipiscing elit proin interdum mauris non ligula pellentesque ultrices phasellus id');
insert into institucion (id, nombre, descrip) values (16, 'Ardea golieth', 'turpis adipiscing lorem vitae mattis nibh ligula nec sem duis aliquam convallis nunc proin at turpis a pede posuere nonummy integer non velit donec diam neque vestibulum eget vulputate ut ultrices vel augue vestibulum ante ipsum primis in faucibus orci luctus et ultrices posuere cubilia curae d');
insert into institucion (id, nombre, descrip) values (17, 'Macropus eugenii', 'sed ante vivamus tortor duis mattis egestas metus aenean fermentum donec ut mauris eget massa tempor convallis nulla neque libero convallis eget eleifend luctus ultricies eu nibh quisque id justo sit amet sapien dignissim vestibulum vestibulum ante ipsum primis in faucibus orci luctus et ul');
insert into institucion (id, nombre, descrip) values (18, 'Motacilla aguimp', 'feugiat et eros vestibulum ac est lacinia nisi venenatis tristique fusce congue diam id ornare imperdiet sapien urna pretium nisl ut volutpat sapien arcu sed augue aliquam erat volutpat in congue etiam justo etiam pretium iaculis justo in hac habitasse platea dictumst etiam faucibus');
insert into institucion (id, nombre, descrip) values (19, 'Larus dominicanus', 'nullam porttitor lacus at turpis donec posuere metus vitae ipsum aliquam non mauris morbi non lectus aliquam sit amet diam');
insert into institucion (id, nombre, descrip) values (20, 'Varanus salvator', 'pulvinar lobortis est phasellus sit amet erat nulla tempus vivamus in felis eu sapien cursus vestibulum proin eu mi nulla ac enim in tempor turpis nec euismod scelerisque quam turpis adipiscing lorem vitae mattis nibh ligula nec sem duis aliquam convallis nunc');

insert into emergencia (id, nombre, descrip, finicio, ffin, id_institucion) values (1, 'in sagittis dui vel nisl duis ac nibh fusce lacus', 'turpis integer aliquet massa id lobortis convallis tortor risus dapibus augue vel accumsan tellus nisi eu orci mauris lacinia sapien quis libero nullam sit amet turpis elementum ligula vehicula consequat', '2019-9-29', '2022-1-22', 14);
insert into emergencia (id, nombre, descrip, finicio, ffin, id_institucion) values (2, 'proin risus praesent lectus vestibulum quam sapien varius ut blandit', 'in faucibus orci luctus et ultrices posuere cubilia curae donec pharetra magna vestibulum aliquet ultrices erat', '2019-12-23', '2022-4-4', 2);
insert into emergencia (id, nombre, descrip, finicio, ffin, id_institucion) values (3, 'sapien quis libero nullam sit amet turpis elementum ligula vehicula', 'vestibulum vestibulum ante ipsum primis in faucibus orci luctus et ultrices posuere cubilia curae nulla dapibus dolor vel est donec odio justo sollicitudin ut suscipi', '2020-11-1', '2022-12-20', 7);
insert into emergencia (id, nombre, descrip, finicio, ffin, id_institucion) values (4, 'purus aliquet at feugiat non pretium quis lectus', 'luctus et ultrices posuere cubilia curae nulla dapibus dolor vel est donec odio justo sollicitudin ut suscipit a feugiat et eros vestibulum ac est lacinia nisi venenatis tristique fusce congue diam id ornare', '2020-8-30', '2022-10-13', 18);
insert into emergencia (id, nombre, descrip, finicio, ffin, id_institucion) values (5, 'curabitur convallis', 'orci luctus et ultrices posuere cubilia curae mauris viverra diam vitae', '2020-6-14', '2022-7-3', 20);
insert into emergencia (id, nombre, descrip, finicio, ffin, id_institucion) values (6, 'duis bibendum felis sed interdum', 'orci nullam molestie nibh in lectus pellentesque at nulla suspendisse potenti cras in purus eu magna vulputate', '2020-2-13', '2022-1-8', 12);
insert into emergencia (id, nombre, descrip, finicio, ffin, id_institucion) values (7, 'libero convallis eget eleifend', 'rutrum nulla nunc purus phasellus in felis donec semper sapien a libero nam dui proin leo odio porttitor id consequat in consequat', '2020-5-1', '2022-5-5', 20);
insert into emergencia (id, nombre, descrip, finicio, ffin, id_institucion) values (8, 'erat id mauris vulputate', 'congue diam id ornare imperdiet sapien urna pretium nisl ut volutpat sapien arcu sed augue aliquam erat volutpat in congue etiam justo', '2021-5-2', '2021-10-29', 19);
insert into emergencia (id, nombre, descrip, finicio, ffin, id_institucion) values (9, 'velit eu est congue', 'orci luctus et ultrices posuere cubilia curae nulla dapibus dolor vel est donec odio justo s tristique fusce congue diam id ornare', '2020-4-12', '2021-8-28', 10);
insert into emergencia (id, nombre, descrip, finicio, ffin, id_institucion) values (10, 'ut dictumst etiam', 'sed justo pellentesque viverra pede mpus semper est quam pharetra magna ac consequat metus sapien ut  posuere cubilia curae mauris viverr potenti null donec posuere metus vitae ipsum aliquam non mauris morbi non', '2/5/2021', '2/10/2023', 17);
insert into emergencia (id, nombre, descrip, finicio, ffin, id_institucion) values (11, 'in habitasse platea', 'ipsum integer a nibh in quis justo maecenas  curae mauris viverra diam vitae quam suspendisse potenti nullam porttitor lacus', '2020-10-8', '2022-11-11', 20);
insert into emergencia (id, nombre, descrip, finicio, ffin, id_institucion) values (12, 'hac habitasse', 'rutrum nulla tellus in a odio in hac habitasse platea dictumst maecenas ut massa quis augue luctus tincidunt nulla mollis molestie lorem quisque ut erat placerat praesent blandit nam nulla integer', '2021-5-30', '2023-1-19', 13);
insert into emergencia (id, nombre, descrip, finicio, ffin, id_institucion) values (13, 'pretium iaculis', 'libero nam dui proin leo odio porttitor id consequat in consequat ut nulla sed accumsan felis ut at dolor quis odio consequat varius integer ac leo pellentesque ultrices mattis odio', '2021-3-26', '2023-1-23', 16);
insert into emergencia (id, nombre, descrip, finicio, ffin, id_institucion) values (14, 'ante ipsum primis', 'cubilia curae mauris viverra diam vitae quam suspendisse potenti nullam porttitor lacus at turpis donec posuere metus vitae ipsum aliquam non mauris morbi non lectus aliquam sit amet dia', '2019-9-20', '2021-11-7', 15);
insert into emergencia (id, nombre, descrip, finicio, ffin, id_institucion) values (15, 'in hac', 'justo pellentesque viverra pede ac diam cras pellentesque volutpat dui maecenas tristique est et tempus semper est quam pharetra magna ac consequat metus sapien ut nunc vestibulum ante', '2020-9-12', '2023-1-29', 8);
insert into emergencia (id, nombre, descrip, finicio, ffin, id_institucion) values (16, 'libero', 'consectetuer eget rutrum at lorem integer tincidunt ante vel ipsum praesent blandit lacinia erat vestibulum sed magna at nunc commodo placerat praesent blandit nam nulla integer pede justo lacinia eget tincidunt eget tempus', '2020-3-6', '2023-3-27', 4);
insert into emergencia (id, nombre, descrip, finicio, ffin, id_institucion) values (17, 'quis', 'sapien iaculis congue vivamus metus arcu adipiscing molestie hendrerit at vulputate vitae nisl aenean lectus pellentesque eget nunc donec quis orci eget orci vehicula condimentum curabitur in libero ut massa volutpat convallis morbi odio odio elementum', '2019-9-22', '2022-7-18', 15);
insert into emergencia (id, nombre, descrip, finicio, ffin, id_institucion) values (18, 'elementum', 'sed lacus morbi sem mauris laoreet ut rhoncus aliquet pulvinar sed nisl nunc rhoncus dui vel sem sed sagittis nam congue risus semper porta volutpat quam pede lobortis ligula sit amet eleifend pede libero quis orci nullam molestie', '2021-3-22', '2022-8-27', 4);
insert into emergencia (id, nombre, descrip, finicio, ffin, id_institucion) values (19, 'nam dui proin', 'vestibulum sit amet cursus id turpis integer aliquet massa id lobortis convallis tortor risus dapibus augue vel accumsan tellus nisi eu orci mauris lacinia sapien quis libero nullam sit amet turpis elementum ligula vehicula consequat morbi a ipsum integer', '2020-2-15', '2022-1-15', 1);
insert into emergencia (id, nombre, descrip, finicio, ffin, id_institucion) values (20, 'vel nulla eget', 'ut nunc vestibulum ante ipsum primis in faucibus orci luctus et ultrices posuere cubilia curae mauris viverra diam vitae quam suspendisse potenti nullam porttitor lacus at turpis donec posuere metus vitae ipsum aliquam non mauris', '2020-7-1', '2021-12-8', 14);

insert into eme_habilidad (id, id_emergencia, id_habilidad) values (1, 3, 10);
insert into eme_habilidad (id, id_emergencia, id_habilidad) values (2, 13, 10);
insert into eme_habilidad (id, id_emergencia, id_habilidad) values (3, 11, 31);
insert into eme_habilidad (id, id_emergencia, id_habilidad) values (4, 11, 6);
insert into eme_habilidad (id, id_emergencia, id_habilidad) values (5, 2, 7);
insert into eme_habilidad (id, id_emergencia, id_habilidad) values (6, 14, 45);
insert into eme_habilidad (id, id_emergencia, id_habilidad) values (7, 2, 1);
insert into eme_habilidad (id, id_emergencia, id_habilidad) values (8, 16, 24);
insert into eme_habilidad (id, id_emergencia, id_habilidad) values (9, 5, 36);
insert into eme_habilidad (id, id_emergencia, id_habilidad) values (10, 3, 14);
insert into eme_habilidad (id, id_emergencia, id_habilidad) values (11, 3, 24);
insert into eme_habilidad (id, id_emergencia, id_habilidad) values (12, 1, 38);
insert into eme_habilidad (id, id_emergencia, id_habilidad) values (13, 18, 32);
insert into eme_habilidad (id, id_emergencia, id_habilidad) values (14, 19, 5);
insert into eme_habilidad (id, id_emergencia, id_habilidad) values (15, 9, 37);
insert into eme_habilidad (id, id_emergencia, id_habilidad) values (16, 17, 30);
insert into eme_habilidad (id, id_emergencia, id_habilidad) values (17, 3, 31);
insert into eme_habilidad (id, id_emergencia, id_habilidad) values (18, 15, 1);
insert into eme_habilidad (id, id_emergencia, id_habilidad) values (19, 14, 40);
insert into eme_habilidad (id, id_emergencia, id_habilidad) values (20, 6, 37);
insert into eme_habilidad (id, id_emergencia, id_habilidad) values (21, 18, 29);
insert into eme_habilidad (id, id_emergencia, id_habilidad) values (22, 9, 19);
insert into eme_habilidad (id, id_emergencia, id_habilidad) values (23, 12, 42);
insert into eme_habilidad (id, id_emergencia, id_habilidad) values (24, 16, 21);
insert into eme_habilidad (id, id_emergencia, id_habilidad) values (25, 4, 2);
insert into eme_habilidad (id, id_emergencia, id_habilidad) values (26, 14, 3);
insert into eme_habilidad (id, id_emergencia, id_habilidad) values (27, 16, 42);
insert into eme_habilidad (id, id_emergencia, id_habilidad) values (28, 4, 28);
insert into eme_habilidad (id, id_emergencia, id_habilidad) values (29, 17, 36);
insert into eme_habilidad (id, id_emergencia, id_habilidad) values (30, 14, 10);
insert into eme_habilidad (id, id_emergencia, id_habilidad) values (31, 18, 21);
insert into eme_habilidad (id, id_emergencia, id_habilidad) values (32, 7, 28);
insert into eme_habilidad (id, id_emergencia, id_habilidad) values (33, 8, 20);
insert into eme_habilidad (id, id_emergencia, id_habilidad) values (34, 9, 39);
insert into eme_habilidad (id, id_emergencia, id_habilidad) values (35, 6, 14);
insert into eme_habilidad (id, id_emergencia, id_habilidad) values (36, 16, 8);
insert into eme_habilidad (id, id_emergencia, id_habilidad) values (37, 18, 21);
insert into eme_habilidad (id, id_emergencia, id_habilidad) values (38, 18, 26);
insert into eme_habilidad (id, id_emergencia, id_habilidad) values (39, 1, 21);
insert into eme_habilidad (id, id_emergencia, id_habilidad) values (40, 14, 40);
insert into eme_habilidad (id, id_emergencia, id_habilidad) values (41, 13, 22);
insert into eme_habilidad (id, id_emergencia, id_habilidad) values (42, 12, 7);
insert into eme_habilidad (id, id_emergencia, id_habilidad) values (43, 9, 20);
insert into eme_habilidad (id, id_emergencia, id_habilidad) values (44, 8, 9);
insert into eme_habilidad (id, id_emergencia, id_habilidad) values (45, 13, 10);
insert into eme_habilidad (id, id_emergencia, id_habilidad) values (46, 8, 41);
insert into eme_habilidad (id, id_emergencia, id_habilidad) values (47, 4, 41);
insert into eme_habilidad (id, id_emergencia, id_habilidad) values (48, 13, 28);
insert into eme_habilidad (id, id_emergencia, id_habilidad) values (49, 17, 45);
insert into eme_habilidad (id, id_emergencia, id_habilidad) values (50, 14, 35);

insert into estado_tarea (id, descrip) values (1, 'id turpis');
insert into estado_tarea (id, descrip) values (2, 'in tempus sit ame');
insert into estado_tarea (id, descrip) values (3, 'at velit vivamus vel');
insert into estado_tarea (id, descrip) values (4, 'sed vestibulum sit');
insert into estado_tarea (id, descrip) values (5, 'pretium iaculis jus');
insert into estado_tarea (id, descrip) values (6, 'sagittis dui vel');
insert into estado_tarea (id, descrip) values (7, 'orci pede venena');
insert into estado_tarea (id, descrip) values (8, 'curae donec');
insert into estado_tarea (id, descrip) values (9, 'justo maecenas');
insert into estado_tarea (id, descrip) values (10, 'dapibus');
insert into estado_tarea (id, descrip) values (11, 'tincidunt');
insert into estado_tarea (id, descrip) values (12, 'molestie lorem');
insert into estado_tarea (id, descrip) values (13, 'molestie sed justo');
insert into estado_tarea (id, descrip) values (14, 'augue a suscipi');
insert into estado_tarea (id, descrip) values (15, 'nibh in quis');
insert into estado_tarea (id, descrip) values (16, 'congue');
insert into estado_tarea (id, descrip) values (17, 'ut at');
insert into estado_tarea (id, descrip) values (18, 'tincidunt');
insert into estado_tarea (id, descrip) values (19, 'non velit');
insert into estado_tarea (id, descrip) values (20, 'metus sapien ut');
insert into estado_tarea (id, descrip) values (21, 'habitasse platea');
insert into estado_tarea (id, descrip) values (22, 'blandit');
insert into estado_tarea (id, descrip) values (23, 'orci luctus');
insert into estado_tarea (id, descrip) values (24, 'at');
insert into estado_tarea (id, descrip) values (25, 'orci luctus et');
insert into estado_tarea (id, descrip) values (26, 'consequat');
insert into estado_tarea (id, descrip) values (27, 'enim sit');
insert into estado_tarea (id, descrip) values (28, 'praesent');
insert into estado_tarea (id, descrip) values (29, 'eget rutrum at lorem');
insert into estado_tarea (id, descrip) values (30, 'magnis diss');
insert into estado_tarea (id, descrip) values (31, 'odio consequat');
insert into estado_tarea (id, descrip) values (32, 'viverra pede');
insert into estado_tarea (id, descrip) values (33, 'eu');
insert into estado_tarea (id, descrip) values (34, 'purus phasellus');
insert into estado_tarea (id, descrip) values (35, 'congue');
insert into estado_tarea (id, descrip) values (36, 'pellentesque');
insert into estado_tarea (id, descrip) values (37, 'quisque porta');
insert into estado_tarea (id, descrip) values (38, 'morbi odio odio');
insert into estado_tarea (id, descrip) values (39, 'eget');
insert into estado_tarea (id, descrip) values (40, 'quam fringilla');
insert into estado_tarea (id, descrip) values (41, 'integer ac');
insert into estado_tarea (id, descrip) values (42, 'vestibulum');
insert into estado_tarea (id, descrip) values (43, 'neque duis');
insert into estado_tarea (id, descrip) values (44, 'dictumst');
insert into estado_tarea (id, descrip) values (45, 'elit ac');
insert into estado_tarea (id, descrip) values (46, 'pulvinar');
insert into estado_tarea (id, descrip) values (47, 'eget');
insert into estado_tarea (id, descrip) values (48, 'amet');
insert into estado_tarea (id, descrip) values (49, 'donec da');
insert into estado_tarea (id, descrip) values (50, 'ipsum primis');

insert into tarea (id, nombre, descrip, cant_vol_requeridos, cant_vol_inscritos, id_emergencia, finicio, ffin, id_estado) values (1, 'Romeo Mike Quebec X-ray India', 'egestas metus aenean fermentum donec ut mauris eget massa tempor convallis nulla', 15, 9, 8, '2021-1-29', '2021-8-11', 13);
insert into tarea (id, nombre, descrip, cant_vol_requeridos, cant_vol_inscritos, id_emergencia, finicio, ffin, id_estado) values (2, 'Charlie Delta Echo Yankee', 'sapien', 11, 7, 20, '2020-5-24', '2022-8-13', 49);
insert into tarea (id, nombre, descrip, cant_vol_requeridos, cant_vol_inscritos, id_emergencia, finicio, ffin, id_estado) values (3, 'Delta Lima Bravo Yankee Quebec', 'bibendum felis sed interdum', 10, 9, 15, '2021-1-24', '2022-12-12', 23);
insert into tarea (id, nombre, descrip, cant_vol_requeridos, cant_vol_inscritos, id_emergencia, finicio, ffin, id_estado) values (4, 'Papa Kilo Victor Romeo Foxtrot', 'sociis natoque penatibus et magnis dis parturient montes nascetur ridiculus mus vivamus vestibulum sagittis', 14, 2, 11, '2020-5-11', '2023-11-1', 1);
insert into tarea (id, nombre, descrip, cant_vol_requeridos, cant_vol_inscritos, id_emergencia, finicio, ffin, id_estado) values (5, 'Foxtrot Delta Echo', 'bibendum imperdiet nullam orci pede venenatis non sodales sed tincidunt eu felis fusce posuere', 12, 8, 19, '2021-5-23', '2022-4-11', 29);
insert into tarea (id, nombre, descrip, cant_vol_requeridos, cant_vol_inscritos, id_emergencia, finicio, ffin, id_estado) values (6, 'Victor Charlie Lima Echo', 'lacinia eget tincidunt eget tempus vel pede morbi', 14, 5, 20, '2020-9-28', '2021-12-26', 12);
insert into tarea (id, nombre, descrip, cant_vol_requeridos, cant_vol_inscritos, id_emergencia, finicio, ffin, id_estado) values (7, 'Yankee', 'diam in magna', 11, 8, 2, '2021-5-20', '2022-3-26', 10);
insert into tarea (id, nombre, descrip, cant_vol_requeridos, cant_vol_inscritos, id_emergencia, finicio, ffin, id_estado) values (8, 'Zulu Quebec Bravo Tango Alfa', 'nascetur ridiculus mus etiam vel augue vestibulum', 13, 6, 15, '2020-7-10', '2021-12-11', 39);
insert into tarea (id, nombre, descrip, cant_vol_requeridos, cant_vol_inscritos, id_emergencia, finicio, ffin, id_estado) values (9, 'Hotel Uniform', 'ipsum ac tellus semper interdum mauris ullamcorper purus sit amet nulla quisque arcu libero rutrum', 10, 9, 8, '2020-6-27', '2023-1-31', 10);
insert into tarea (id, nombre, descrip, cant_vol_requeridos, cant_vol_inscritos, id_emergencia, finicio, ffin, id_estado) values (10, 'Kilo Charlie', 'dolor sit amet consectetuer', 10, 5, 2, '2020-2-9', '2022-7-12', 39);
insert into tarea (id, nombre, descrip, cant_vol_requeridos, cant_vol_inscritos, id_emergencia, finicio, ffin, id_estado) values (11, 'Hotel Yankee X-ray Oscar', 'sapien urna pretium nisl ut volutpat sapien arcu', 12, 1, 17, '2021-6-28', '2022-5-31', 24);
insert into tarea (id, nombre, descrip, cant_vol_requeridos, cant_vol_inscritos, id_emergencia, finicio, ffin, id_estado) values (12, 'Romeo Sierra Uniform Yankee', 'fusce posuere felis sed lacus morbi sem mauris laoreet ut rhoncus aliquet pulvinar sed', 15, 2, 6, '2020-11-24', '2022-3-10', 42);
insert into tarea (id, nombre, descrip, cant_vol_requeridos, cant_vol_inscritos, id_emergencia, finicio, ffin, id_estado) values (13, 'November Lima Hotel', 'eget orci vehicula condimentum curabitur in libero ut massa volutpat convallis morbi odio odio', 12, 8, 3, '2020-9-6', '2022-12-21', 14);
insert into tarea (id, nombre, descrip, cant_vol_requeridos, cant_vol_inscritos, id_emergencia, finicio, ffin, id_estado) values (14, 'Tango November Kilo', 'magnis dis parturient', 12, 1, 19, '2021-4-17', '2023-4-1', 37);
insert into tarea (id, nombre, descrip, cant_vol_requeridos, cant_vol_inscritos, id_emergencia, finicio, ffin, id_estado) values (15, 'Hotel', 'sit amet justo', 10, 8, 11, '2020-9-10', '2022-4-20', 14);
insert into tarea (id, nombre, descrip, cant_vol_requeridos, cant_vol_inscritos, id_emergencia, finicio, ffin, id_estado) values (16, 'India Sierra X-ray', 'aliquet at feugiat non pretium quis lectus', 12, 7, 8, '2020-12-15', '2022-6-12', 18);
insert into tarea (id, nombre, descrip, cant_vol_requeridos, cant_vol_inscritos, id_emergencia, finicio, ffin, id_estado) values (17, 'Bravo Oscar India Zulu', 'congue eget semper rutrum nulla nunc purus phasellus in felis', 12, 3, 11, '2021-4-30', '2021-12-13', 14);
insert into tarea (id, nombre, descrip, cant_vol_requeridos, cant_vol_inscritos, id_emergencia, finicio, ffin, id_estado) values (18, 'Zulu Alfa X-ray Victor', 'pellentesque quisque porta volutpat erat', 12, 6, 12, '2021-6-24', '2023-3-2', 24);
insert into tarea (id, nombre, descrip, cant_vol_requeridos, cant_vol_inscritos, id_emergencia, finicio, ffin, id_estado) values (19, 'India Whiskey', 'potenti in eleifend quam a odio', 10, 5, 2, '2020-5-28', '2022-10-4', 41);
insert into tarea (id, nombre, descrip, cant_vol_requeridos, cant_vol_inscritos, id_emergencia, finicio, ffin, id_estado) values (20, 'Kilo Quebec Mike Yankee', 'odio justo sollicitudin ut suscipit a feugiat et eros', 15, 6, 10, '2020-11-21', '2023-4-23', 10);
insert into tarea (id, nombre, descrip, cant_vol_requeridos, cant_vol_inscritos, id_emergencia, finicio, ffin, id_estado) values (21, 'India X-ray Zulu', 'tristique in tempus sit amet sem fusce consequat nulla nisl', 13, 6, 14, '2020-3-6', '2023-2-17', 44);
insert into tarea (id, nombre, descrip, cant_vol_requeridos, cant_vol_inscritos, id_emergencia, finicio, ffin, id_estado) values (22, 'India', 'nunc donec quis orci eget orci vehicula condimentum curabitur in libero ut massa volutpat', 15, 5, 19, '2021-4-22', '2021-12-16', 43);
insert into tarea (id, nombre, descrip, cant_vol_requeridos, cant_vol_inscritos, id_emergencia, finicio, ffin, id_estado) values (23, 'Yankee Golf Papa Zulu', 'sem fusce consequat nulla nisl nunc', 10, 5, 15, '2020-10-29', '2023-2-22', 7);
insert into tarea (id, nombre, descrip, cant_vol_requeridos, cant_vol_inscritos, id_emergencia, finicio, ffin, id_estado) values (24, 'India Yankee', 'at', 10, 4, 13, '2020-4-19', '2021-12-23', 4);
insert into tarea (id, nombre, descrip, cant_vol_requeridos, cant_vol_inscritos, id_emergencia, finicio, ffin, id_estado) values (25, 'November Uniform Oscar Mike', 'eget tempus vel', 12, 9, 14, '2020-12-7', '2023-1-23', 18);
insert into tarea (id, nombre, descrip, cant_vol_requeridos, cant_vol_inscritos, id_emergencia, finicio, ffin, id_estado) values (26, 'Echo', 'sagittis nam congue risus semper porta volutpat quam pede lobortis', 15, 7, 6, '2021-5-3', '2021-9-17', 47);
insert into tarea (id, nombre, descrip, cant_vol_requeridos, cant_vol_inscritos, id_emergencia, finicio, ffin, id_estado) values (27, 'Quebec Oscar', 'ultrices aliquet maecenas leo odio condimentum id luctus nec molestie sed justo pellentesque viverra', 14, 10, 17, '2021-4-3', '2022-5-20', 22);
insert into tarea (id, nombre, descrip, cant_vol_requeridos, cant_vol_inscritos, id_emergencia, finicio, ffin, id_estado) values (28, 'Mike Delta', 'nunc donec quis orci eget orci vehicula', 11, 4, 8, '2020-12-10', '2021-11-21', 28);
insert into tarea (id, nombre, descrip, cant_vol_requeridos, cant_vol_inscritos, id_emergencia, finicio, ffin, id_estado) values (29, 'India Kilo X-ray Uniform Tango', 'potenti in', 11, 6, 20, '2020-8-18', '2021-10-28', 48);
insert into tarea (id, nombre, descrip, cant_vol_requeridos, cant_vol_inscritos, id_emergencia, finicio, ffin, id_estado) values (30, 'Uniform Alfa India Golf', 'justo nec condimentum neque sapien placerat ante', 13, 4, 1, '2021-3-15', '2023-9-3', 3);
insert into tarea (id, nombre, descrip, cant_vol_requeridos, cant_vol_inscritos, id_emergencia, finicio, ffin, id_estado) values (31, 'Yankee Kilo', 'amet nunc viverra dapibus nulla suscipit ligula in lacus curabitur at ipsum ac', 13, 6, 19, '2020-2-11', '2023-2-25', 43);
insert into tarea (id, nombre, descrip, cant_vol_requeridos, cant_vol_inscritos, id_emergencia, finicio, ffin, id_estado) values (32, 'Sierra Foxtrot Echo Oscar India', 'sit amet nulla quisque arcu libero rutrum ac lobortis vel dapibus', 12, 4, 13, '2020-11-16', '2022-5-2', 22);
insert into tarea (id, nombre, descrip, cant_vol_requeridos, cant_vol_inscritos, id_emergencia, finicio, ffin, id_estado) values (33, 'X-ray Mike Sierra Bravo', 'quis tortor id nulla ultrices aliquet maecenas leo odio condimentum', 14, 9, 19, '2020-4-16', '2023-8-2', 12);
insert into tarea (id, nombre, descrip, cant_vol_requeridos, cant_vol_inscritos, id_emergencia, finicio, ffin, id_estado) values (34, 'Sierra Romeo Lima Echo', 'faucibus orci luctus', 11, 10, 15, '2021-4-18', '2021-8-13', 41);
insert into tarea (id, nombre, descrip, cant_vol_requeridos, cant_vol_inscritos, id_emergencia, finicio, ffin, id_estado) values (35, 'Zulu', 'quis turpis eget elit sodales scelerisque mauris sit', 14, 5, 13, '2021-6-6', '2022-9-6', 40);
insert into tarea (id, nombre, descrip, cant_vol_requeridos, cant_vol_inscritos, id_emergencia, finicio, ffin, id_estado) values (36, 'Oscar Kilo', 'habitasse platea dictumst aliquam augue quam sollicitudin vitae consectetuer eget rutrum at lorem integer', 14, 6, 18, '2021-3-16', '2022-9-30', 30);
insert into tarea (id, nombre, descrip, cant_vol_requeridos, cant_vol_inscritos, id_emergencia, finicio, ffin, id_estado) values (37, 'Yankee Victor', 'ut massa quis augue luctus tincidunt nulla mollis molestie', 14, 2, 2, '2021-1-19', '2021-5-8', 26);
insert into tarea (id, nombre, descrip, cant_vol_requeridos, cant_vol_inscritos, id_emergencia, finicio, ffin, id_estado) values (38, 'Romeo Tango', 'est quam pharetra magna ac consequat metus sapien ut nunc vestibulum ante ipsum', 14, 9, 19, '2021-11-4', '2022-9-7', 16);
insert into tarea (id, nombre, descrip, cant_vol_requeridos, cant_vol_inscritos, id_emergencia, finicio, ffin, id_estado) values (39, 'Uniform', 'commodo', 13, 5, 5, '2020-12-15', '2022-4-25', 22);
insert into tarea (id, nombre, descrip, cant_vol_requeridos, cant_vol_inscritos, id_emergencia, finicio, ffin, id_estado) values (40, 'Yankee Victor Juliett Echo', 'porttitor id', 10, 5, 3, '2020-4-21', '2022-6-14', 1);
insert into tarea (id, nombre, descrip, cant_vol_requeridos, cant_vol_inscritos, id_emergencia, finicio, ffin, id_estado) values (41, 'Charlie', 'faucibus orci luctus et ultrices posuere cubilia curae duis faucibus accumsan odio', 10, 6, 14, '2020-11-3', '2023-3-23', 7);
insert into tarea (id, nombre, descrip, cant_vol_requeridos, cant_vol_inscritos, id_emergencia, finicio, ffin, id_estado) values (42, 'Foxtrot', 'rutrum nulla tellus in sagittis dui vel nisl duis ac nibh fusce', 12, 5, 3, '2021-1-31', '2023-1-23', 49);
insert into tarea (id, nombre, descrip, cant_vol_requeridos, cant_vol_inscritos, id_emergencia, finicio, ffin, id_estado) values (43, 'Quebec', 'nam ultrices libero non mattis pulvinar nulla pede ullamcorper augue a suscipit nulla elit ac', 15, 9, 4, '2020-2-23', '2022-9-4', 4);
insert into tarea (id, nombre, descrip, cant_vol_requeridos, cant_vol_inscritos, id_emergencia, finicio, ffin, id_estado) values (44, 'Golf Zulu Charlie Uniform Foxtrot', 'nullam varius nulla facilisi cras non velit nec nisi vulputate nonummy maecenas tincidunt lacus', 11, 7, 9, '2020-4-15', '2023-3-29', 30);
insert into tarea (id, nombre, descrip, cant_vol_requeridos, cant_vol_inscritos, id_emergencia, finicio, ffin, id_estado) values (45, 'Golf Romeo Delta', 'porttitor lorem id ligula suspendisse ornare consequat lectus in est', 14, 9, 14, '2021-3-27', '2022-3-7', 45);
insert into tarea (id, nombre, descrip, cant_vol_requeridos, cant_vol_inscritos, id_emergencia, finicio, ffin, id_estado) values (46, 'Romeo Foxtrot Yankee Bravo', 'ipsum primis in faucibus orci luctus et ultrices', 15, 8, 18, '2021-5-19', '2022-11-28', 9);
insert into tarea (id, nombre, descrip, cant_vol_requeridos, cant_vol_inscritos, id_emergencia, finicio, ffin, id_estado) values (47, 'Delta Juliett Hotel Tango', 'venenatis turpis enim blandit mi in porttitor pede justo eu massa donec dapibus', 11, 8, 16, '2020-7-30', '2023-2-25', 4);
insert into tarea (id, nombre, descrip, cant_vol_requeridos, cant_vol_inscritos, id_emergencia, finicio, ffin, id_estado) values (48, 'Uniform X-ray', 'justo etiam', 10, 4, 9, '2021-9-5', '2022-8-23', 39);
insert into tarea (id, nombre, descrip, cant_vol_requeridos, cant_vol_inscritos, id_emergencia, finicio, ffin, id_estado) values (49, 'Uniform Delta Golf Sierra', 'id justo sit amet sapien dignissim vestibulum vestibulum ante ipsum primis in faucibus orci', 14, 1, 19, '2021-1-4', '2023-4-17', 41);
insert into tarea (id, nombre, descrip, cant_vol_requeridos, cant_vol_inscritos, id_emergencia, finicio, ffin, id_estado) values (50, 'Kilo Whiskey', 'aliquet maecenas leo odio condimentum id luctus', 15, 3, 17, '2021-4-1', '2022-1-24', 17);

insert into ranking (id, id_voluntario, id_tarea, puntaje, flg_invitado, flg_participa) values (1, 36, 7, 4.00, 0, 0);
insert into ranking (id, id_voluntario, id_tarea, puntaje, flg_invitado, flg_participa) values (2, 49, 35, 4.90, 1, 2);
insert into ranking (id, id_voluntario, id_tarea, puntaje, flg_invitado, flg_participa) values (3, 8, 8, 3.00, 7, 2);
insert into ranking (id, id_voluntario, id_tarea, puntaje, flg_invitado, flg_participa) values (4, 43, 35, 5.40, 0, 1);
insert into ranking (id, id_voluntario, id_tarea, puntaje, flg_invitado, flg_participa) values (5, 37, 47, 5.90, 2, 6);
insert into ranking (id, id_voluntario, id_tarea, puntaje, flg_invitado, flg_participa) values (6, 9, 44, 6.40, 4, 7);
insert into ranking (id, id_voluntario, id_tarea, puntaje, flg_invitado, flg_participa) values (7, 47, 46, 5.10, 8, 3);
insert into ranking (id, id_voluntario, id_tarea, puntaje, flg_invitado, flg_participa) values (8, 26, 47, 3.80, 4, 5);
insert into ranking (id, id_voluntario, id_tarea, puntaje, flg_invitado, flg_participa) values (9, 28, 6, 7.50, 2, 1);
insert into ranking (id, id_voluntario, id_tarea, puntaje, flg_invitado, flg_participa) values (10, 23, 47, 7.20, 9, 5);
insert into ranking (id, id_voluntario, id_tarea, puntaje, flg_invitado, flg_participa) values (11, 3, 25, 1.50, 9, 3);
insert into ranking (id, id_voluntario, id_tarea, puntaje, flg_invitado, flg_participa) values (12, 50, 40, 4.80, 7, 6);
insert into ranking (id, id_voluntario, id_tarea, puntaje, flg_invitado, flg_participa) values (13, 27, 23, 4.70, 0, 5);
insert into ranking (id, id_voluntario, id_tarea, puntaje, flg_invitado, flg_participa) values (14, 42, 6, 1.60, 7, 5);
insert into ranking (id, id_voluntario, id_tarea, puntaje, flg_invitado, flg_participa) values (15, 37, 26, 8.10, 4, 1);
insert into ranking (id, id_voluntario, id_tarea, puntaje, flg_invitado, flg_participa) values (16, 3, 1, 9.60, 2, 5);
insert into ranking (id, id_voluntario, id_tarea, puntaje, flg_invitado, flg_participa) values (17, 27, 3, 3.40, 2, 8);
insert into ranking (id, id_voluntario, id_tarea, puntaje, flg_invitado, flg_participa) values (18, 25, 38, 7.30, 7, 4);
insert into ranking (id, id_voluntario, id_tarea, puntaje, flg_invitado, flg_participa) values (19, 17, 2, 4.20, 8, 9);
insert into ranking (id, id_voluntario, id_tarea, puntaje, flg_invitado, flg_participa) values (20, 23, 44, 4.60, 9, 4);
insert into ranking (id, id_voluntario, id_tarea, puntaje, flg_invitado, flg_participa) values (21, 22, 15, 4.60, 2, 1);
insert into ranking (id, id_voluntario, id_tarea, puntaje, flg_invitado, flg_participa) values (22, 19, 31, 6.50, 3, 7);
insert into ranking (id, id_voluntario, id_tarea, puntaje, flg_invitado, flg_participa) values (23, 37, 3, 6.40, 1, 6);
insert into ranking (id, id_voluntario, id_tarea, puntaje, flg_invitado, flg_participa) values (24, 34, 20, 5.10, 3, 2);
insert into ranking (id, id_voluntario, id_tarea, puntaje, flg_invitado, flg_participa) values (25, 22, 27, 9.00, 6, 9);
insert into ranking (id, id_voluntario, id_tarea, puntaje, flg_invitado, flg_participa) values (26, 43, 41, 4.20, 9, 2);
insert into ranking (id, id_voluntario, id_tarea, puntaje, flg_invitado, flg_participa) values (27, 31, 10, 1.00, 6, 0);
insert into ranking (id, id_voluntario, id_tarea, puntaje, flg_invitado, flg_participa) values (28, 50, 33, 8.40, 7, 4);
insert into ranking (id, id_voluntario, id_tarea, puntaje, flg_invitado, flg_participa) values (29, 43, 37, 5.00, 5, 9);
insert into ranking (id, id_voluntario, id_tarea, puntaje, flg_invitado, flg_participa) values (30, 27, 44, 4.20, 4, 3);
insert into ranking (id, id_voluntario, id_tarea, puntaje, flg_invitado, flg_participa) values (31, 35, 41, 6.90, 3, 2);
insert into ranking (id, id_voluntario, id_tarea, puntaje, flg_invitado, flg_participa) values (32, 16, 19, 4.10, 5, 4);
insert into ranking (id, id_voluntario, id_tarea, puntaje, flg_invitado, flg_participa) values (33, 20, 40, 5.00, 7, 7);
insert into ranking (id, id_voluntario, id_tarea, puntaje, flg_invitado, flg_participa) values (34, 7, 50, 4.00, 5, 1);
insert into ranking (id, id_voluntario, id_tarea, puntaje, flg_invitado, flg_participa) values (35, 45, 23, 4.30, 2, 2);
insert into ranking (id, id_voluntario, id_tarea, puntaje, flg_invitado, flg_participa) values (36, 40, 10, 1.00, 3, 3);
insert into ranking (id, id_voluntario, id_tarea, puntaje, flg_invitado, flg_participa) values (37, 2, 48, 9.50, 2, 2);
insert into ranking (id, id_voluntario, id_tarea, puntaje, flg_invitado, flg_participa) values (38, 21, 23, 1.50, 3, 2);
insert into ranking (id, id_voluntario, id_tarea, puntaje, flg_invitado, flg_participa) values (39, 7, 41, 1.30, 4, 4);
insert into ranking (id, id_voluntario, id_tarea, puntaje, flg_invitado, flg_participa) values (40, 32, 17, 7.90, 7, 6);
insert into ranking (id, id_voluntario, id_tarea, puntaje, flg_invitado, flg_participa) values (41, 22, 3, 2.50, 1, 5);
insert into ranking (id, id_voluntario, id_tarea, puntaje, flg_invitado, flg_participa) values (42, 38, 40, 4.00, 1, 8);
insert into ranking (id, id_voluntario, id_tarea, puntaje, flg_invitado, flg_participa) values (43, 39, 17, 6.30, 4, 5);
insert into ranking (id, id_voluntario, id_tarea, puntaje, flg_invitado, flg_participa) values (44, 39, 42, 9.50, 6, 2);
insert into ranking (id, id_voluntario, id_tarea, puntaje, flg_invitado, flg_participa) values (45, 36, 10, 8.10, 8, 2);
insert into ranking (id, id_voluntario, id_tarea, puntaje, flg_invitado, flg_participa) values (46, 32, 5, 9.70, 4, 9);
insert into ranking (id, id_voluntario, id_tarea, puntaje, flg_invitado, flg_participa) values (47, 45, 20, 5.60, 5, 1);
insert into ranking (id, id_voluntario, id_tarea, puntaje, flg_invitado, flg_participa) values (48, 46, 41, 2.30, 7, 5);
insert into ranking (id, id_voluntario, id_tarea, puntaje, flg_invitado, flg_participa) values (49, 20, 49, 4.90, 7, 2);
insert into ranking (id, id_voluntario, id_tarea, puntaje, flg_invitado, flg_participa) values (50, 12, 13, 8.10, 7, 5);

insert into tarea_habilidad (id, id_emehab, id_tarea) values (1, 13, 12);
insert into tarea_habilidad (id, id_emehab, id_tarea) values (2, 9, 30);
insert into tarea_habilidad (id, id_emehab, id_tarea) values (3, 50, 37);
insert into tarea_habilidad (id, id_emehab, id_tarea) values (4, 7, 5);
insert into tarea_habilidad (id, id_emehab, id_tarea) values (5, 36, 28);
insert into tarea_habilidad (id, id_emehab, id_tarea) values (6, 49, 15);
insert into tarea_habilidad (id, id_emehab, id_tarea) values (7, 21, 50);
insert into tarea_habilidad (id, id_emehab, id_tarea) values (8, 26, 21);
insert into tarea_habilidad (id, id_emehab, id_tarea) values (9, 23, 14);
insert into tarea_habilidad (id, id_emehab, id_tarea) values (10, 24, 14);
insert into tarea_habilidad (id, id_emehab, id_tarea) values (11, 31, 13);
insert into tarea_habilidad (id, id_emehab, id_tarea) values (12, 18, 28);
insert into tarea_habilidad (id, id_emehab, id_tarea) values (13, 30, 12);
insert into tarea_habilidad (id, id_emehab, id_tarea) values (14, 1, 39);
insert into tarea_habilidad (id, id_emehab, id_tarea) values (15, 45, 9);
insert into tarea_habilidad (id, id_emehab, id_tarea) values (16, 4, 10);
insert into tarea_habilidad (id, id_emehab, id_tarea) values (17, 33, 43);
insert into tarea_habilidad (id, id_emehab, id_tarea) values (18, 4, 37);
insert into tarea_habilidad (id, id_emehab, id_tarea) values (19, 26, 24);
insert into tarea_habilidad (id, id_emehab, id_tarea) values (20, 16, 37);
insert into tarea_habilidad (id, id_emehab, id_tarea) values (21, 37, 39);
insert into tarea_habilidad (id, id_emehab, id_tarea) values (22, 28, 39);
insert into tarea_habilidad (id, id_emehab, id_tarea) values (23, 11, 5);
insert into tarea_habilidad (id, id_emehab, id_tarea) values (24, 25, 1);
insert into tarea_habilidad (id, id_emehab, id_tarea) values (25, 29, 16);
insert into tarea_habilidad (id, id_emehab, id_tarea) values (26, 29, 5);
insert into tarea_habilidad (id, id_emehab, id_tarea) values (27, 25, 38);
insert into tarea_habilidad (id, id_emehab, id_tarea) values (28, 3, 49);
insert into tarea_habilidad (id, id_emehab, id_tarea) values (29, 22, 35);
insert into tarea_habilidad (id, id_emehab, id_tarea) values (30, 29, 25);
insert into tarea_habilidad (id, id_emehab, id_tarea) values (31, 11, 27);
insert into tarea_habilidad (id, id_emehab, id_tarea) values (32, 37, 13);
insert into tarea_habilidad (id, id_emehab, id_tarea) values (33, 24, 44);
insert into tarea_habilidad (id, id_emehab, id_tarea) values (34, 42, 15);
insert into tarea_habilidad (id, id_emehab, id_tarea) values (35, 29, 14);
insert into tarea_habilidad (id, id_emehab, id_tarea) values (36, 12, 48);
insert into tarea_habilidad (id, id_emehab, id_tarea) values (37, 36, 15);
insert into tarea_habilidad (id, id_emehab, id_tarea) values (38, 18, 45);
insert into tarea_habilidad (id, id_emehab, id_tarea) values (39, 44, 43);
insert into tarea_habilidad (id, id_emehab, id_tarea) values (40, 29, 5);
insert into tarea_habilidad (id, id_emehab, id_tarea) values (41, 36, 30);
insert into tarea_habilidad (id, id_emehab, id_tarea) values (42, 22, 37);
insert into tarea_habilidad (id, id_emehab, id_tarea) values (43, 11, 36);
insert into tarea_habilidad (id, id_emehab, id_tarea) values (44, 30, 32);
insert into tarea_habilidad (id, id_emehab, id_tarea) values (45, 1, 47);
insert into tarea_habilidad (id, id_emehab, id_tarea) values (46, 25, 31);
insert into tarea_habilidad (id, id_emehab, id_tarea) values (47, 22, 13);
insert into tarea_habilidad (id, id_emehab, id_tarea) values (48, 9, 42);
insert into tarea_habilidad (id, id_emehab, id_tarea) values (49, 44, 23);
insert into tarea_habilidad (id, id_emehab, id_tarea) values (50, 36, 43);

insert into usuario (id, nombre, email, password, rol) values (1, 'admin', 'admin', '$2a$10$utwOoAjtTpHQ3Mp2vVK.5uauq1Dud09RHRyDiFsvkMJ5NNt5IMxjq', 'COORDINADOR');
insert into usuario (id, nombre, email, password, rol) values (2, 'Adler Dunmuir', 'adler@gmail.com', '$2a$10$utwOoAjtTpHQ3Mp2vVK.5uauq1Dud09RHRyDiFsvkMJ5NNt5IMxjq', 'COORDINADOR');